{"cameraMode":{"drawMode":0,"name":"Shaded","section":"Shading Mode"},"sceneLighting":true,"audioPlay":false,"sceneViewState":{"m_AlwaysRefresh":true,"showFog":true,"showSkybox":true,"showFlares":true,"showImageEffects":true,"showParticleSystems":true,"showVisualEffectGraphs":true,"m_FxEnabled":true},"in2DMode":false,"pivot":{"x":-1.6617976427078248,"y":2.9128384590148927,"z":13.198578834533692},"rotation":{"x":-0.04852858930826187,"y":0.8935101628303528,"z":-0.09958241879940033,"w":-0.43525931239128115},"size":1.2467164993286133,"orthographic":false}