{"cameraMode":{"drawMode":0,"name":"Shaded","section":"Shading Mode"},"sceneLighting":true,"audioPlay":false,"sceneViewState":{"m_AlwaysRefresh":true,"showFog":true,"showSkybox":true,"showFlares":true,"showImageEffects":true,"showParticleSystems":true,"showVisualEffectGraphs":true,"m_FxEnabled":true},"in2DMode":false,"pivot":{"x":6.874700546264648,"y":28.152366638183595,"z":2.0497097969055177},"rotation":{"x":0.3622197210788727,"y":-0.6254774928092957,"z":0.40398046374320986,"w":0.5607372522354126},"size":1.6138614416122437,"orthographic":false}