{"cameraMode":{"drawMode":0,"name":"Shaded","section":"Shading Mode"},"sceneLighting":true,"audioPlay":false,"sceneViewState":{"m_AlwaysRefresh":true,"showFog":true,"showSkybox":true,"showFlares":true,"showImageEffects":true,"showParticleSystems":true,"showVisualEffectGraphs":true,"m_FxEnabled":true},"in2DMode":false,"pivot":{"x":-4.099076747894287,"y":3.107123613357544,"z":10.093330383300782},"rotation":{"x":0.004163396079093218,"y":-0.7972767353057861,"z":0.6035813689231873,"w":0.0054997727274894718},"size":1.2467164993286133,"orthographic":false}