{"cameraMode":{"drawMode":0,"name":"Shaded","section":"Shading Mode"},"sceneLighting":false,"audioPlay":false,"sceneViewState":{"m_AlwaysRefresh":true,"showFog":true,"showSkybox":false,"showFlares":true,"showImageEffects":true,"showParticleSystems":true,"showVisualEffectGraphs":true,"m_FxEnabled":true},"in2DMode":false,"pivot":{"x":-1.5008316040039063,"y":-0.42276573181152346,"z":4.317945957183838},"rotation":{"x":0.25350895524024966,"y":-0.10941025614738465,"z":0.02887115441262722,"w":0.9606931805610657},"size":1.2247449159622193,"orthographic":false}